[{"Type":"versioning","Properties":[1]},{"Type":"tg.1","Properties":[null,2,false,3,4,5,6,7,8,9,10,11,true,12,13,14,15,18,19,20,false,21,22,23,24,25,26,27,28,29,30,31,32,33]},{"Type":"channel.const","Properties":[1.0]},{"Type":"channel.const","Properties":[0.0]},{"Type":"channel.const","Properties":[0.0]},{"Type":"channel.const","Properties":[0.0]},{"Type":"channel.const","Properties":[0.0]},{"Type":"channel.const","Properties":[0.0]},{"Type":"channel.const","Properties":[0.0]},{"Type":"channel.const","Properties":[1.0]},{"Type":"channel.const","Properties":[1.0]},{"Type":"channel.const","Properties":[1.0]},{"Type":"channel.const","Properties":[255.0]},{"Type":"channel.const","Properties":[255.0]},{"Type":"channel.const","Properties":[255.0]},{"Type":"channel.product","Properties":[16,17]},{"Type":"channel.const","Properties":[255.0]},{"Type":"channel.key","Properties":["-999999,1,l","0,1,l","0,0,l","59700,0,l","59700,1.003922,l"]},{"Type":"channel.const","Properties":[0.0]},{"Type":"channel.const","Properties":[0.0]},{"Type":"channel.const","Properties":[0.0]},{"Type":"channel.const","Properties":[0.0]},{"Type":"channel.const","Properties":[0.0]},{"Type":"channel.const","Properties":[0.0]},{"Type":"channel.const","Properties":[0.0]},{"Type":"channel.const","Properties":[0.0]},{"Type":"channel.const","Properties":[1.0]},{"Type":"channel.const","Properties":[1.0]},{"Type":"channel.const","Properties":[1.0]},{"Type":"channel.const","Properties":[1.0]},{"Type":"channel.const","Properties":[1.0]},{"Type":"channel.const","Properties":[0.0]},{"Type":"channel.const","Properties":[0.0]},{"Type":"channel.const","Properties":[0.0]},{"Type":"tg.3","Properties":[null,35,false,38,39,40,41,42,43,44,45,46,false,47,48,49,50,51,52,53,false,54,55,56,57,58,59,60,61,62,63,64,65,66]},{"Type":"channel.product","Properties":[36,37]},{"Type":"channel.const","Properties":[1.0]},{"Type":"channel.key","Properties":["-999999,1,cnsti","0,0,cnsti","1800,1,cnsti"]},{"Type":"channel.const","Properties":[0.0]},{"Type":"channel.const","Properties":[0.0]},{"Type":"channel.const","Properties":[0.0]},{"Type":"channel.const","Properties":[0.0]},{"Type":"channel.const","Properties":[0.0]},{"Type":"channel.const","Properties":[0.0]},{"Type":"channel.const","Properties":[1.0]},{"Type":"channel.const","Properties":[1.0]},{"Type":"channel.const","Properties":[1.0]},{"Type":"channel.const","Properties":[255.0]},{"Type":"channel.const","Properties":[255.0]},{"Type":"channel.const","Properties":[255.0]},{"Type":"channel.const","Properties":[255.0]},{"Type":"channel.const","Properties":[0.0]},{"Type":"channel.const","Properties":[0.0]},{"Type":"channel.const","Properties":[0.0]},{"Type":"channel.const","Properties":[0.0]},{"Type":"channel.const","Properties":[0.0]},{"Type":"channel.const","Properties":[0.0]},{"Type":"channel.const","Properties":[0.0]},{"Type":"channel.const","Properties":[0.0]},{"Type":"channel.const","Properties":[1.0]},{"Type":"channel.const","Properties":[1.0]},{"Type":"channel.const","Properties":[1.0]},{"Type":"channel.const","Properties":[1.0]},{"Type":"channel.const","Properties":[1.0]},{"Type":"channel.const","Properties":[0.0]},{"Type":"channel.const","Properties":[0.0]},{"Type":"channel.const","Properties":[0.0]},{"Type":"tg.2","Properties":[null,68,false,71,72,73,74,75,76,77,78,79,false,80,81,82,83,84,85,86,false,87,88,89,90,91,92,93,94,95,96,97,98,99]},{"Type":"channel.product","Properties":[69,70]},{"Type":"channel.const","Properties":[1.0]},{"Type":"channel.key","Properties":["-999999,1,cnsti","0,0,cnsti","2776,1,cnsti"]},{"Type":"channel.const","Properties":[0.0]},{"Type":"channel.const","Properties":[0.0]},{"Type":"channel.const","Properties":[0.0]},{"Type":"channel.const","Properties":[0.0]},{"Type":"channel.const","Properties":[0.0]},{"Type":"channel.const","Properties":[0.0]},{"Type":"channel.const","Properties":[1.0]},{"Type":"channel.const","Properties":[1.0]},{"Type":"channel.const","Properties":[1.0]},{"Type":"channel.const","Properties":[255.0]},{"Type":"channel.const","Properties":[255.0]},{"Type":"channel.const","Properties":[255.0]},{"Type":"channel.const","Properties":[255.0]},{"Type":"channel.const","Properties":[0.0]},{"Type":"channel.const","Properties":[0.0]},{"Type":"channel.const","Properties":[0.0]},{"Type":"channel.const","Properties":[0.0]},{"Type":"channel.const","Properties":[0.0]},{"Type":"channel.const","Properties":[0.0]},{"Type":"channel.const","Properties":[0.0]},{"Type":"channel.const","Properties":[0.0]},{"Type":"channel.const","Properties":[1.0]},{"Type":"channel.const","Properties":[1.0]},{"Type":"channel.const","Properties":[1.0]},{"Type":"channel.const","Properties":[1.0]},{"Type":"channel.const","Properties":[1.0]},{"Type":"channel.const","Properties":[0.0]},{"Type":"channel.const","Properties":[0.0]},{"Type":"channel.const","Properties":[0.0]}]