[{"Type":"versioning","Properties":[1]},{"Type":"tg.2","Properties":[null,2,false,5,6,7,8,9,10,11,12,13,false,14,15,16,17,18,19,20,false,21,22,23,24,25,26,27,28,29,30,31,32,33]},{"Type":"channel.product","Properties":[3,4]},{"Type":"channel.const","Properties":[1.0]},{"Type":"channel.key","Properties":["-999999,1,cnsti","0,0,cnsti","49375,1,cnsti"]},{"Type":"channel.const","Properties":[0.0]},{"Type":"channel.const","Properties":[0.0]},{"Type":"channel.const","Properties":[0.0]},{"Type":"channel.const","Properties":[0.0]},{"Type":"channel.const","Properties":[0.0]},{"Type":"channel.const","Properties":[0.0]},{"Type":"channel.const","Properties":[1.0]},{"Type":"channel.const","Properties":[1.0]},{"Type":"channel.const","Properties":[1.0]},{"Type":"channel.const","Properties":[255.0]},{"Type":"channel.const","Properties":[255.0]},{"Type":"channel.const","Properties":[255.0]},{"Type":"channel.const","Properties":[255.0]},{"Type":"channel.const","Properties":[0.0]},{"Type":"channel.const","Properties":[0.0]},{"Type":"channel.const","Properties":[0.0]},{"Type":"channel.const","Properties":[0.0]},{"Type":"channel.const","Properties":[0.0]},{"Type":"channel.const","Properties":[0.0]},{"Type":"channel.const","Properties":[0.0]},{"Type":"channel.const","Properties":[0.0]},{"Type":"channel.const","Properties":[1.0]},{"Type":"channel.const","Properties":[1.0]},{"Type":"channel.const","Properties":[1.0]},{"Type":"channel.const","Properties":[1.0]},{"Type":"channel.const","Properties":[1.0]},{"Type":"channel.const","Properties":[0.0]},{"Type":"channel.const","Properties":[0.0]},{"Type":"channel.const","Properties":[0.0]}]